Workbook

Sheet 0. Checklist
C1: Skill Code: | D1: 9
C2: Skill Area: | D2: IT Software Solutions for Business
C3: Jury Chairperson: | D3: ='5. Members Contact List'!C7 -> Pacharasuda Podhiarn | I3: =C3 -> Jury Chairperson: | J3: =D3 -> Pacharasuda Podhiarn
C4: Chief Expert: | D4: ='5. Members Contact List'!C8 -> Leow Zhen Zhen | I4: =C4 -> Chief Expert: | J4: =D4 -> Leow Zhen Zhen
C5: Deputy Chief Expert: | D5: ='5. Members Contact List'!C9 -> Yahya Bin Ibrahim | I5: =C5 -> Deputy Chief Expert: | J5: =D5 -> Yahya Bin Ibrahim
C6: Workshop Manager: | D6: ='5. Members Contact List'!C19 -> Jerry O. Taroy | I6: =C6 -> Workshop Manager: | J6: =D6 -> Jerry O. Taroy
B8: # | C8: Items | D8: Status
B9: 1 | C9: Introduction by the participants; Secretariat checks the Attendance and upload Group Photo (Day 1) | D9: =IF(COUNTIF('1-4. Attendance'!F22:F23,"No")=ROWS('1-4. Attendance'!F22:F23), "Not started", IF(COUNTIF('1-4. Attendance'!F22:F23,"<>No")<ROWS('1-4. Attendance'!F22:F23), "On-going", IF(COUNTIF('1-4. Attendance'!F22:F23,"<>No")=ROWS('1-4. Attendance'!F22:F23), "Completed", "Check"))) -> Completed
B10: 2 | C10: Secretariat checks the Attendance and upload Group Photo (Day 2) | D10: =IF(COUNTIF('1-4. Attendance'!G22:G23,"No")=ROWS('1-4. Attendance'!G22:G23), "Not started", IF(COUNTIF('1-4. Attendance'!G22:G23,"<>No")<ROWS('1-4. Attendance'!G22:G23), "On-going", IF(COUNTIF('1-4. Attendance'!G22:G23,"<>No")=ROWS('1-4. Attendance'!G22:G23), "Completed", "Check"))) -> Completed
B11: 3 | C11: Secretariat checks the Attendance and upload Group Photo (Day 3) | D11: =IF(COUNTIF('1-4. Attendance'!H22:H23,"No")=ROWS('1-4. Attendance'!H22:H23), "Not started", IF(COUNTIF('1-4. Attendance'!H22:H23,"<>No")<ROWS('1-4. Attendance'!H22:H23), "On-going", IF(COUNTIF('1-4. Attendance'!H22:H23,"<>No")=ROWS('1-4. Attendance'!H22:H23), "Completed", "Check"))) -> Completed
B12: 4 | C12: Secretariat checks the Attendance and upload Group Photo (Day 4) | D12: =IF(COUNTIF('1-4. Attendance'!I22:I23,"No")=ROWS('1-4. Attendance'!I22:I23), "Not started", IF(COUNTIF('1-4. Attendance'!I22:I23,"<>No")<ROWS('1-4. Attendance'!I22:I23), "On-going", IF(COUNTIF('1-4. Attendance'!I22:I23,"<>No")=ROWS('1-4. Attendance'!I22:I23), "Completed", "Check"))) -> Completed
B13: 5 | C13: Validate and update Members Contact List | D13: ='5. Members Contact List'!E22 -> Completed
B14: 6 | C14: Confirm number of Competitors per country and their eligibility | D14: =IF(COUNTIF('6. No. of Competitors'!F9:F19,"No")=ROWS('6. No. of Competitors'!F9:F19), "Not started", IF(COUNTIF('6. No. of Competitors'!F9:F19,"<>No")<ROWS('6. No. of Competitors'!F9:F19), "On-going", IF(COUNTIF('6. No. of Competitors'!F9:F19,"<>No")=ROWS('6. No. of Competitors'!F9:F19), "Completed", "Check"))) -> Completed
B15: 7 | C15: Confirm review and adherence to the adopted WSASEAN2025 Rules and Procedures | D15: =IF(COUNTIF(Rules_and_Procedures[Confirmation of Review?],"No")=ROWS(Rules_and_Procedures[Confirmation of Review?]), "Not started", IF(COUNTIF(Rules_and_Procedures[Confirmation of Review?],"<>No")<ROWS(Rules_and_Procedures[Confirmation of Review?]), "On-going", IF(COUNTIF(Rules_and_Procedures[Confirmation of Review?],"<>No")=ROWS(Rules_and_Procedures[Confirmation of Review?]), "Completed", "Check"))) -> Completed
B16: 8 | C16: Review and update the Technical Description | D16: =IF(COUNTIF(Technical_Description[Status],"Not started")=ROWS(Technical_Description[Status]), "Not started", IF(COUNTIF(Technical_Description[Status],"Completed")<ROWS(Technical_Description[Status]), "On-going", IF(COUNTIF(Technical_Description[Status],"Completed")=ROWS(Technical_Description[Status]), "Completed", "Check"))) -> Completed
B17: 9 | C17: Present the overall layout of the Venue | D17: ='9. Venue'!D5 -> Completed
B18: 10 | C18: Approve Workshop Area floor plan | D18: =IF(COUNTIF(Workshop[Status],"Not started")=ROWS(Workshop[Status]), "Not started", IF(COUNTIF(Workshop[Status],"Completed")<ROWS(Workshop[Status]), "On-going", IF(COUNTIF(Workshop[Status],"Completed")=ROWS(Workshop[Status]), "Completed", "Check"))) -> Completed
B19: 11 | C19: Complete Common Furniture and Equipment | D19: ='11. Common Furniture'!E19 -> Completed
B20: 12 | C20: Complete Infrastructure List | D20: =IF(COUNTIF('12. Infrastructure List'!E6:F11,"Not started")=ROWS('12. Infrastructure List'!E6:F11), "Not started", IF(COUNTIF('12. Infrastructure List'!E6:F11,"Completed")<ROWS('12. Infrastructure List'!E6:F11), "On-going", IF(COUNTIF('12. Infrastructure List'!E6:F11,"Completed")=ROWS('12. Infrastructure List'!E6:F11), "Completed", "Check"))) -> Completed
B21: 13 | C21: Develop Test Project | D21: =IF(COUNTIF(Test_Project[Status],"Not started")=ROWS(Test_Project[Status]), "Not started", IF(COUNTIF(Test_Project[Status],"Completed")<ROWS(Test_Project[Status]), "On-going", IF(COUNTIF(Test_Project[Status],"Completed")=ROWS(Test_Project[Status]), "Completed", "Check"))) -> On-going
B22: 14 | C22: Develop Competition Modules | D22: ='14. Modules'!E12 -> Completed
B23: 15 | C23: Develop Competition Timetable | D23: ='15. Competition Timetable'!O39 -> Completed
B24: 16 | C24: Develop the Standards and Assessment Guidelines | D24: ='16. Standards and Assessment Gu'!F4 -> Completed
B25: 17 | C25: Develop Marking Scheme and import Marking Scheme to CIS | D25: =IF(COUNTIF('17. Marking Scheme'!F9:F11,"Not started")=ROWS('17. Marking Scheme'!F9:F11), "Not started", IF(COUNTIF('17. Marking Scheme'!F9:F11,"Completed")<ROWS('17. Marking Scheme'!F9:F11), "On-going", IF(COUNTIF('17. Marking Scheme'!F9:F11,"Completed")=ROWS('17. Marking Scheme'!F9:F11), "Completed", "Check"))) -> On-going
B26: 18 | C26: Discuss Health, Safety & Environment | D26: ='18. Health, Safety'!F4 -> Completed
B27: 19 | C27: Any Other Business | D27: =IF(COUNTIF(AOB[Status],"Not started")=ROWS(AOB[Status]), "Not started", IF(COUNTIF(AOB[Status],"Completed")<ROWS(AOB[Status]), "On-going", IF(COUNTIF(AOB[Status],"Completed")=ROWS(AOB[Status]), "Completed", "Check"))) -> Completed
B28: 20 | C28: Sign final Agreement Form

Sheet 1-4. Attendance
B1: =CONCATENATE('0. Checklist'!D1, " ", '0. Checklist'!D2) -> 9 IT Software Solutions for Business
B2: * | C2: Copy and paste the green check on the appropriate box to update the attendance per day | F2: ✅ | G2: ✅ | H2: ✅ | I2: ✅
B5: No. | C5: Name | D5: Country | E5: Position | F5: Day 1 | G5: Day 2 | H5: Day 3 | I5: Day 4
B6: 1 | C6: Pacharasuda Podhiarn | D6: Thailand | E6: JC | F6: ✅ | G6: ✅ | H6: ✅ | I6: ✅
B7: 2 | C7: Leow Zhen Zhen | D7: Singapore | E7: CE | F7: ✅ | G7: ✅ | H7: ✅ | I7: ✅
B8: 3 | C8: Yahya Bin Ibrahim | D8: Malaysia | E8: DCE | F8: ✅ | G8: ✅ | H8: ✅ | I8: ✅
B9: 4 | C9: Mohammad Rizal bin Haji Mohd. Hendry | D9: Brunei Darussalam | E9: E | F9: ✅ | G9: ✅ | H9: ✅ | I9: ✅
B10: 5 | C10: Hou Keanan | D10: Cambodia | E10: E | F10: ✅ | G10: ✅ | H10: ✅ | I10: ✅
B11: 6 | C11: Yudy Purnama | D11: Indonesia | E11: E | F11: ✅ | G11: ✅ | H11: ✅ | I11: ✅
B12: 7 | C12: Edwardo G. Reyes | D12: Philippines | E12: E | F12: ✅ | G12: ✅ | H12: ✅ | I12: ✅
B13: 8 | C13: Mary Jane F. Somao-i | D13: Philippines | E13: E | F13: ✅ | G13: ✅ | H13: ✅ | I13: ✅
B14: 9 | C14: Sathish s/o Sritharan | D14: Singapore | E14: E | F14: ✅ | G14: ✅ | H14: ✅ | I14: ✅
B15: 10 | D15: Vietnam | E15: E
B16: 11 | C16: Aung Pyae Hein | D16: Myanmar | E16: E | I16: ✅
B17: 12 | C17: Jerry O. Taroy | D17: Philippines | E17: WM | F17: ✅ | G17: ✅
B18: 13 | C18: Neome Sarena O. Sebastian | D18: Philippines | E18: Secretariat | F18: ✅ | G18: ✅ | H18: ✅ | I18: ✅
C20: Total present per day | F20: =COUNTIF(F6:F19,"<>"&"") -> 11 | G20: =COUNTIF(G6:G19,"<>"&"") -> 11 | H20: =COUNTIF(H6:H19,"<>"&"") -> 10 | I20: =COUNTIF(I6:I19,"<>"&"") -> 11
B22: 14 | C22: Is attendance checking complete? | F22: Yes | G22: Yes | H22: Yes | I22: N/A
B23: 15 | C23: Took a group photo and uploaded in the folder per day | E23: Folder | F23: Yes | G23: Yes | H23: Yes | I23: N/A

Sheet 5. Members Contact List
B1: =CONCATENATE('0. Checklist'!D1, " ", '0. Checklist'!D2) -> 9 IT Software Solutions for Business
B2: * | C2: Total No. of Experts | D2: {=SUM(COUNTIFS(C7:C20,"<>"&"", E7:E20, {"DCE","E","CE"}))} -> 9
B3: * | C3: Total No. of Participants | D3: {=SUM(COUNTIFS(C7:C21,"<>"&"", E7:E21, {"DCE","E","CE", "JC","Sponsor", "WM", "WMA", "Technical Observer","Secretariat", "Interpreter"}))} -> 12
B6: No. | C6: Name | D6: Country | E6: Roles | F6: Organization | G6: Position | H6: Email Address | I6: Contact No.
B7: 1 | C7: Pacharasuda Podhiarn | D7: Thailand | E7: JC | F7: Department of Skill Development | G7: Skill Development Technical Officer, Senior Professional Level | H7: pacha.poarn@gmail.com | I7: 66866147997
B8: 2 | C8: Leow Zhen Zhen | D8: Singapore | E8: CE | F8: Nanyang Polytechnic | G8: Senior Manager | H8: leow_zhen_zhen@nyp.edu.sg | I8: =6591520295 -> 6591520295
B9: 3 | C9: Yahya Bin Ibrahim | D9: Malaysia | E9: DCE | F9: University Technical Malaysia | G9: Lecturer | H9: yahya@utem.edu.my | I9: +60139017388
B10: 4 | C10: Mohammad Rizal bin Haji Mohd. Hendry | D10: Brunei Darussalam | E10: E | F10: Institute Brunei Technical Education | G10: Technical Instructor | H10: rizal.hendry@ibte.edu.bn | I10: +6738327710
B11: 5 | C11: Hou Keanan | D11: Cambodia | E11: E | F11: National Institutes of Business | G11: Teacher | H11: hou.keanan@gmail.com | I11: +855969868471
B12: 6 | C12: Yudy Purnama | D12: Indonesia | E12: E | F12: BINUS University | G12: Lecturer | H12: ypurnama@binus.edu | I12: +62 81290697604
B13: 7 | C13: Edwardo G. Reyes | D13: Philippines | E13: E | F13: Computer Communication Development Institute, Inc | G13: Dean | H13: edgreyes2015@gmail.com | I13: 9171372217
B14: 8 | C14: Mary Jane F. Somao-i | D14: Philippines | E14: E | F14: Lyceum of the Philippines University - Manila | G14: Faculty | H14: mary.somaoi@lpu.edu.ph | I14: 9066884769
B15: 9 | C15: Sathish s/o Sritharan | D15: Singapore | E15: E | F15: Temasek Polytechnic | G15: Assistant Director | H15: sathish@tp.edu.sg | I15: =6590048855 -> 6590048855
B16: 10 | C16: Aung Pyae Hein | D16: Myanmar | E16: E | F16: Yangon Region Computer Professionals Association | G16: Vice President | H16: info.aungpyaehein@gmail.com | I16: =959796979886 -> 959796979886
B17: 11 | D17: Vietnam | E17: E
B18: 12 | E18: Sponsor
B19: 13 | C19: Jerry O. Taroy | D19: Philippines | E19: WM | F19: RTC NCR | G19: Sr. TESDS | H19: jotaroy@tesda.gov.ph | I19: =639391509075 -> 639391509075
B20: 14 | C20: Neome Sarena O. Sebastian | D20: Philippines | E20: Secretariat | F20: TESDA Manila | G20: Job Order | H20: neomesarenas11@gmail.com | I20: =639918179615 -> 639918179615
B22: 15 | C22: Update the status if the Members' Contact List has been updated | E22: Completed

Sheet 6. No. of Competitors
B1: =CONCATENATE('0. Checklist'!D1, " ", '0. Checklist'!D2) -> 9 IT Software Solutions for Business
B2: * | C2: Competition | D2: Individual
B3: * | C3: Age | D3: 22 yrs old and below
B4: * | C4: No. of Competitors per country | D4: Maximum of 2
B5: * | C5: Total No. of Competitors | D5: =D20 -> 12
B8: # | C8: Countries | D8: No. of Team/Individual | E8: Eligible? | F8: Confirmation | G8: Remarks
B9: 1 | C9: Brunei Darussalam | D9: 1 | E9: Yes | F9: Yes
B10: 2 | C10: Cambodia | D10: 1 | E10: Yes | F10: Yes
B11: 3 | C11: Indonesia | D11: 1 | E11: Yes | F11: Yes
B12: 4 | C12: Lao PDR | D12: N/A | E12: N/A | F12: N/A
B13: 5 | C13: Malaysia | D13: 1 | E13: Yes | F13: Yes
B14: 6 | C14: Myanmar | D14: 2 | E14: N/A | F14: N/A | G14: Subject for confirmation
B15: 7 | C15: Philippines | D15: 2 | E15: Yes | F15: Yes
B16: 8 | C16: Singapore | D16: 2 | E16: Yes | F16: Yes
B17: 9 | C17: Thailand | D17: N/A | E17: N/A | F17: N/A
B18: 10 | C18: Vietnam | D18: 2 | E18: Yes | F18: Yes
B19: 11 | C19: Timor Leste | D19: N/A | E19: N/A | F19: N/A
C20: Total | D20: =SUM(D9:D19) -> 12

Sheet 7. Rules & Procedures
B1: =CONCATENATE('0. Checklist'!D1, " ", '0. Checklist'!D2) -> 9 IT Software Solutions for Business
B2: * | C2: All Experts must confirm review of the WSASEAN 2025 Rules and Procedures
B3: * | C3: Please select N/A in the dropbox if the country is not participating in this skill area
B4: * | C4: If the Rules and Procedures has not been reviewed by the Expert, insert the target date to review on the Remarks column
B7: # | C7: Countries | D7: Confirmation of Review? | E7: Remarks
B8: 1 | C8: Brunei Darussalam | D8: Yes
B9: 2 | C9: Cambodia | D9: Yes
B10: 3 | C10: Indonesia | D10: Yes
B11: 4 | C11: Lao PDR | D11: N/A
B12: 5 | C12: Malaysia | D12: Yes
B13: 6 | C13: Myanmar | D13: N/A | E13: Expert is not around
B14: 7 | C14: Philippines | D14: Yes
B15: 8 | C15: Singapore | D15: Yes
B16: 9 | C16: Thailand | D16: N/A
B17: 10 | C17: Vietnam | D17: N/A | E17: Expert is not around
B18: 11 | C18: Timor Leste | D18: N/A

Sheet 8. Technical Description
B1: =CONCATENATE('0. Checklist'!D1, " ", '0. Checklist'!D2) -> 9 IT Software Solutions for Business
B2: * | C2: You can find the latest WSI Technical Description in this link | D2: Link
B3: * | C3: As the JP discuss each topics, the Secretariat must update the status whether "On going" or "Completed"
B4: * | C4: If the review and updating has not been completed after a day, write the target date of completion in the remarks (e.g. To be completed on or before ____)
B7: # | C7: Topics | D7: Status | E7: Remarks
B8: 1 | C8: Confirmation of Competition Documents to be adopted | D8: Completed | E8: Adopted WS Lyon 2024
B9: 2 | C9: Review of Technical Description | D9: Completed
B10: 2.1 | C10: --| Section 1. Introduction | D10: Completed
B11: 2.2 | C11: --| Section 2. The WorldSkills Occupational Standards | D11: Completed
B12: 2.3 | C12: --| Section 3. The Assessment Strategy and Specifications | D12: Completed
B13: 2.4 | C13: --| Section 4. The Marking Scheme | D13: Completed
B14: 2.5 | C14: --| Section 5. The Test Project | D14: Completed
B15: 2.6 | C15: --| Section 6. Skill management and communication | D15: Completed
B16: 2.7 | C16: --| Section 7. Skill specific safety requirements | D16: Completed
B17: 2.8 | C17: --| Section 8. Materials and equipments | D17: Completed
B18: 2.9 | C18: --| Section 9. Skill-specific rules | D18: Completed
B19: 2.1 | C19: --| Section 10. Visitor and media engagement | D19: Completed
B20: 2.11 | C20: --| Section 11. Sustainability | D20: Completed
... B23: 3 | C23: Print and sign all pages of the Technical Description | D23: Completed

Sheet 9. Venue
B1: =CONCATENATE('0. Checklist'!D1, " ", '0. Checklist'!D2) -> 9 IT Software Solutions for Business
B2: * | C2: For information only of all present.
B3: * | C3: Link to the competition venue final layout: | D3: Link
B5: 1 | C5: Update the status if the venue final layout has been presented to the Panel | D5: Completed

Sheet 10. Workshop Area
B1: =CONCATENATE('0. Checklist'!D1, " ", '0. Checklist'!D2) -> 9 IT Software Solutions for Business
B2: * | C2: Finalize the Workshop Layout | D2: Link
B5: # | C5: Items | D5: Status | E5: Remarks
B6: 1 | C6: Finalize Workshop Layout | D6: Completed
B7: 2 | C7: Sign the pages of the Workshop Layout | D7: Completed
C9: **Electrical Layout should include two circuit breaker

Sheet 11. Common Furniture
B1: =CONCATENATE('0. Checklist'!D1, " ", '0. Checklist'!D2) -> 9 IT Software Solutions for Business
B2: Common Furniture & Equipment Provided
B5: # | C5: Items | D5: Common Area | E5: Remarks
B6: 1 | C6: Tables & Chairs | D6: Expert Room
B7: 2 | C7: Whiteboards | D7: Expert Room
B8: 3 | C8: Desks & Chairs | D8: CIS Room
B9: 4 | C9: A4 Printer | D9: CIS Room
B10: 5 | C10: Metal Cabinet | D10: CIS Room
B11: 6 | C11: Storage Shelves | D11: Storage Room
B12: 7 | C12: First Aid Box | D12: Storage Room
B13: 8 | C13: Chairs | D13: Briefing Area
B14: 9 | C14: Laptop | D14: Briefing Area
B15: 10 | C15: Water Dispenser | D15: Briefing Area
B16: 11 | C16: 55" TV with Stand | D16: Briefing Area
B17: 12 | C17: Sound System and Microphone | D17: Briefing Area | E17: To be added in the Infrastructure List
B18: 13 | C18: Digital Clock Timer | D18: Briefing Area | E18: To be added in the Infrastructure List
B19: 14 | C19: Review of common furnitures and equipment to be provided by the host | E19: Completed

Sheet 12. Infrastructure List
B1: =CONCATENATE('0. Checklist'!D1, " ", '0. Checklist'!D2) -> 9 IT Software Solutions for Business
B2: * | C2: Identify the Equipment, Tools, Materials etc. for Competition
B3: * | C3: If the review and updating has not been completed after a day, write the target date of completion in the remarks (e.g. To be completed on or before ____)
C5: Topics | E5: Status | G5: Remarks
B6: 1 | C6: Identify the all the equipment, tools, materials for the competition | E6: Completed
B7: 1.1 | C7: --| Validate the quantity per item based on the number of competitors | E7: Completed | G7: Subject for confirmation of the Host country
B8: 1.2 | C8: --| Confirm items to be brought by the competitors (toolbox) | E8: Completed
B9: 1.3 | C9: --| Confirm items to be supplied by the partners (sponsors) | E9: Completed | G9: Subject for confirmation of the Host country
B10: 1.4 | C10: --| Identify items based on priority (High, Medium, Low) | E10: Completed
B11: 2 | C11: Sign the pages of the Infrastructure List | E11: Completed
D13: ** IT Software Category are downloadable files, no need to purchase
B14: No | C14: Item | D14: Category | E14: Qty | F14: Unit | G14: Technical Specifications | H14: Priority | I14: Source | J14: Company (if sponsored) | K14: Picture/Link
B15: 1 | C15: Competitor Desktop | D15: Equipment & Tools | E15: 12 | F15: units | G15: Intel i7 Processor or equivalent/ RAM 32GB DDR4 / SSD 512GB + HDD 1TB / GPU P620 | H15: High | I15: Pending
B16: 2 | C16: FHD Monitor (+ HDMI cable) | D16: Equipment & Tools | E16: 24 | F16: units | G16: Generic Non-PnP Monitor 15 inch | H16: High | I16: Pending
B17: 3 | C17: Keyboard (QWERTY) | D17: Equipment & Tools | E17: 12 | F17: units | G17: Generic QWERTY Full Keyboard | H17: High | I17: Pending
B18: 4 | C18: Mouse | D18: Equipment & Tools | E18: 12 | F18: units | G18: Generic Wired Mouse | H18: High | I18: Pending
B19: 5 | C19: Cable HDMI | D19: Equipment & Tools | E19: 24 | F19: units | G19: Generic HDMI Cable 3.0 | H19: High | I19: Pending
B20: 6 | C20: UPS for workstation (1000W) | D20: Equipment & Tools | E20: 12 | F20: units | G20: Generic UPS 1000W | H20: High | I20: Pending
B21: 7 | C21: Mini DisplayPort - HDMI | D21: Equipment & Tools | E21: 12 | F21: units | G21: Generic Mini Display Port | H21: High | I21: Pending
B22: 8 | C22: Microsoft Visual Studio (with MAUI) | D22: Equipment & Tools | E22: 1 | F22: unit | G22: Community 2022 (Open Source) | H22: High | I22: Pending
B23: 9 | C23: MAUI Emulator | D23: Equipment & Tools | E23: 1 | F23: unit | G23: Pixel 3 (Open Source) | H23: High | I23: Pending
B24: 10 | C24: .NET Framework | D24: Equipment & Tools | E24: 1 | F24: unit | G24: v 4.8.1 (Open Source) | H24: High | I24: Pending
B25: 11 | C25: .NET Core | D25: Equipment & Tools | E25: 1 | F25: unit | G25: v 8.0 (Open Source) | H25: High | I25: Pending
B26: 12 | C26: Microsoft SQL Server | D26: Equipment & Tools | E26: 1 | F26: unit | G26: 2022 (Open Source) | H26: High | I26: Pending
... B57: 43 | C57: Digital Clock | D57: Miscellaneous | E57: 1 | F57: pc | G57: Generic Digital Clock | H57: Low | I57: Pending

Sheet 13. Test Project
B1: =CONCATENATE('0. Checklist'!D1, " ", '0. Checklist'!D2) -> 9 IT Software Solutions for Business
B2: * | C2: If the review and updating has not been completed after a day, write the target date of completion in the remarks (e.g. To be completed on or before ____)
B3: * | C3: Link to the draft Test Project of this skill area | D3: Link
B6: # | C6: Items | D6: Status | E6: Remarks
B7: 1 | C7: Develop the Test Project | D7: On going | E7: Each expert will bring the Test Project on the 2nd TCM
B8: 2 | C8: Sign Test Project | D8: On going | E8: Each expert will bring the Test Project on the 2nd TCM

Sheet 14. Modules
B1: =CONCATENATE('0. Checklist'!D1, " ", '0. Checklist'!D2) -> 9 IT Software Solutions for Business
B4: No | C4: Module | D4: Duration (hrs) | E4: Weights (%)
B5: 1 | C5: Session 1 - Mobile | D5: 3.5 | E5: 22
B6: 2 | C6: Session 2 - Desktop | D6: 2 | E6: 12
B7: 3 | C7: Session 3 - Mobile | D7: 3.5 | E7: 22
B8: 4 | C8: Session 4 - Desktop | D8: 3.5 | E8: 22
B9: 5 | C9: Session 5 - Desktop | D9: 3.5 | E9: 22
C10: Total competition duration & weights | D10: =sum(D5:D9) -> 16 | E10: =sum(E5:E9) -> 100
B12: 6 | C12: Completed Modules, Duration and Weights for the skill area | E12: Completed

Sheet 15. Competition Timetable
B1: =CONCATENATE('0. Checklist'!D1, " ", '0. Checklist'!D2) -> 9 IT Software Solutions for Business
B3: Legend
C4: Reporting time
C5: Familiarization/Competition time
C6: Lunch time
C7: Fun Programming Session (Not Marked)
B8: C-2: Familiarization Session
B10: 0.29166667 | D10: 0.33333333 | F10: 0.375 | H10: 0.41666667 | J10: 0.45833333 | L10: 0.5 | N10: 0.54166667 | P10: 0.58333333 | R10: 0.625 | T10: 0.66666667 | V10: 0.70833333 | X10: 0.75
B14: C-1: Familiarization Session
B16: 0.29166667 | D16: 0.33333333 | F16: 0.375 | H16: 0.41666667 | J16: 0.45833333 | L16: 0.5 | N16: 0.54166667 | P16: 0.58333333 | R16: 0.625 | T16: 0.66666667 | V16: 0.70833333 | X16: 0.75
B20: C1: Competition Session
B22: 0.29166667 | D22: 0.33333333 | F22: 0.375 | H22: 0.41666667 | J22: 0.45833333 | L22: 0.5 | N22: 0.54166667 | P22: 0.58333333 | R22: 0.625 | T22: 0.66666667 | V22: 0.70833333 | X22: 0.75
B26: C2: Competition Session
B28: 0.29166667 | D28: 0.33333333 | F28: 0.375 | H28: 0.41666667 | J28: 0.45833333 | L28: 0.5 | N28: 0.54166667 | P28: 0.58333333 | R28: 0.625 | T28: 0.66666667 | V28: 0.70833333 | X28: 0.75
B32: C3: Competition Session
B34: 0.29166667 | D34: 0.33333333 | F34: 0.375 | H34: 0.41666667 | J34: 0.45833333 | L34: 0.5 | N34: 0.54166667 | P34: 0.58333333 | R34: 0.625 | T34: 0.66666667 | V34: 0.70833333 | X34: 0.75
B39: 1 | C39: Completed Competition Timetable | O39: Completed

Sheet 16. Standards and Assessment Gu
B1: =CONCATENATE('0. Checklist'!D1, " ", '0. Checklist'!D2) -> 9 IT Software Solutions for Business
B2: * | C2: Link
B4: 1 | C4: Developed/Adopted the updated Standards and Assessment Guidelines | F4: Completed

Sheet 17. Marking Scheme
B1: =CONCATENATE('0. Checklist'!D1, " ", '0. Checklist'!D2) -> 9 IT Software Solutions for Business
D2: Link
B4: # | C4: Subject | D4: No. of Aspects | E4: Marks | F4: Percentage
B5: 1 | C5: Measurement | D5: 118-190 | E5: 100 | F5: 100
B6: 2 | C6: Judgement | D6: 0 | E6: 0 | F6: 0
C7: Total | D7: 118-190 | E7: =SUM(E5:E6) -> 100 | F7: =SUM(F5:F6) -> 100
B9: 3 | C9: Is Dual Marking Allowed? | D9: N/A | F9: Completed
B10: 4 | C10: Adopt and approve the updated Marking Scheme | F10: On-going
B11: 5 | C11: Uploaded the approved Marking Scheme to the CIS | F11: On-going
B12: 6 | C12: Target date of completion of Marking Scheme, if not completed in the 1st TCM | F12: To be completed during the 2nd TCM

Sheet 18. Health, Safety
B1: =CONCATENATE('0. Checklist'!D1, " ", '0. Checklist'!D2) -> 9 IT Software Solutions for Business
B2: * | C2: Link to Health, Safety and Environment document | E2: Link
G3: Remarks:
B4: 1 | C4: Update the status if the Health, Safety & Environment has been updated or approved | F4: Completed | G4: Need to remove all references related to WorldSkills Lyon 2024

Sheet 19. AOB
B1: =CONCATENATE('0. Checklist'!D1, " ", '0. Checklist'!D2) -> 9 IT Software Solutions for Business
B4: # | C4: Topics | D4: Status | E4: Remarks
B5: 1 | D5: Completed
B6: 2 | D6: Completed
B7: 3 | D7: Completed
B8: 4 | D8: Completed

Sheet 20. Summary
A3: # | B3: Items/Topics | C3: Status | D3: Remarks
A4: 1 | B4: Updated the Members Contact List | C4: ='0. Checklist'!D13 -> Completed
A5: 1.1 | B5: --| Total number of Participants in the 1st TCM | C5: ='5. Members Contact List'!D3 -> 12
A6: 1.2 | B6: --| Total number of Experts in the 1st TCM | C6: ='5. Members Contact List'!D2 -> 9
A7: 2 | B7: Confirmed total number of Competitors | C7: ='6. No. of Competitors'!D5 -> 12 | D7: Subject for confirmation (Vietnam and Myanmar)
A8: 3 | B8: Confirmed review and adherence to the WSASEAN2025 Rules and Procedures | C8: ='0. Checklist'!D15 -> Completed
A9: 4 | B9: Reviewed and updated the Technical Description | C9: ='0. Checklist'!D16 -> Completed
A10: 4.1 | B10: --| Confirmed Competition Documents to be adopted | C10: ='8. Technical Description'!E8 -> Adopted WS Lyon 2024
A11: 4.2 | B11: --| Printed and signed all pages of the Technical Description | C11: ='8. Technical Description'!D23 -> Completed
A12: 5 | B12: Presented the overall layout of the Venue | C12: ='0. Checklist'!D17 -> Completed
A13: 6 | B13: Approved the Workshop Area floor plan | C13: ='0. Checklist'!D18 -> Completed
A14: 6.1 | B14: Reviewed the common furnitures and equipment to be provided by the host | C14: ='11. Common Furniture'!E19 -> Completed
A15: 7 | B15: Completed the Infrastructure List | C15: ='0. Checklist'!D20 -> Completed
A16: 8 | B16: Developed the Test Project | C16: ='0. Checklist'!D21 -> On-going | D16: Each expert will bring the Test Project on the 2nd TCM
A17: 8.1 | B17: --| Completed Modules, Duration and Weights for the skill area | C17: ='14. Modules'!E12 -> Completed
A18: 8.2 | B18: --| Completed Competition Timetable | C18: ='15. Competition Timetable'!O39 -> Completed
A19: 9 | B19: Developed the Standards and Assessment Guidelines | C19: ='16. Standards and Assessment Gu'!F4 -> Completed
A20: 10 | B20: Developed the Marking Scheme | C20: ='17. Marking Scheme'!F10 -> On-going | D20: ='17. Marking Scheme'!F12 -> To be completed during the 2nd TCM
A21: 10.1 | B21: --| Is Dual Marking Allowed? | C21: ='17. Marking Scheme'!D9 -> N/A
A22: 10.2 | B22: --| Imported the Marking Scheme to CIS | C22: ='17. Marking Scheme'!F11 -> On-going | D22: To be completed during the 2nd TCM
A23: 11 | B23: Discussed the Health, Safety & Environment | C23: ='0. Checklist'!D26 -> Completed
A24: 12 | B24: Any Other Business
A25: 13 | B25: Signed the final Agreement Form
